{"cameraMode":{"drawMode":0,"name":"Shaded","section":"Shading Mode"},"sceneLighting":false,"audioPlay":false,"sceneViewState":{"showFog":false,"showMaterialUpdate":false,"showSkybox":false,"showFlares":false,"showImageEffects":false,"showParticleSystems":false},"in2DMode":false,"pivot":{"x":0.02495098114013672,"y":22.209653854370118,"z":17.97136878967285},"rotation":{"x":-0.004666147753596306,"y":0.9925227165222168,"z":-0.11514918506145477,"w":-0.04021894559264183},"size":95.63964080810547,"orthographic":false}