{"cameraMode":{"drawMode":0,"name":"Shaded","section":"Shading Mode"},"sceneLighting":false,"audioPlay":false,"sceneViewState":{"showFog":false,"showMaterialUpdate":false,"showSkybox":false,"showFlares":false,"showImageEffects":false,"showParticleSystems":false},"in2DMode":false,"pivot":{"x":-1.1942535638809205,"y":0.7417873740196228,"z":1.809612512588501},"rotation":{"x":0.11145588755607605,"y":0.25255632400512698,"z":0.029300622642040254,"w":-0.9606947898864746},"size":2.812723398208618,"orthographic":false}