{"cameraMode":{"drawMode":0,"name":"Shaded","section":"Shading Mode"},"sceneLighting":false,"audioPlay":false,"sceneViewState":{"showFog":false,"showMaterialUpdate":false,"showSkybox":false,"showFlares":false,"showImageEffects":false,"showParticleSystems":false},"in2DMode":false,"pivot":{"x":45.70549392700195,"y":95.59080505371094,"z":105.60176086425781},"rotation":{"x":0.07775667309761048,"y":0.1572471708059311,"z":-0.012420578859746457,"w":0.9844150543212891},"size":16.212337493896486,"orthographic":false}