{"cameraMode":{"drawMode":0,"name":"Shaded","section":"Shading Mode"},"sceneLighting":false,"audioPlay":false,"sceneViewState":{"showFog":false,"showMaterialUpdate":false,"showSkybox":false,"showFlares":false,"showImageEffects":false,"showParticleSystems":false},"in2DMode":false,"pivot":{"x":-1.3541983366012574,"y":-4.503312110900879,"z":-4.010135650634766},"rotation":{"x":-0.007490184158086777,"y":-0.9805922508239746,"z":0.19215014576911927,"w":-0.03822505474090576},"size":24.17579460144043,"orthographic":false}