{"cameraMode":{"drawMode":0,"name":"Shaded","section":"Shading Mode"},"sceneLighting":false,"audioPlay":false,"sceneViewState":{"showFog":false,"showMaterialUpdate":false,"showSkybox":false,"showFlares":false,"showImageEffects":false,"showParticleSystems":false},"in2DMode":false,"pivot":{"x":6.7952117919921879,"y":31.614009857177736,"z":18.2468204498291},"rotation":{"x":0.03768980875611305,"y":0.7326005697250366,"z":-0.0407014824450016,"w":0.6783947348594666},"size":42.57622146606445,"orthographic":false}