{"cameraMode":{"drawMode":0,"name":"Shaded","section":"Shading Mode"},"sceneLighting":false,"audioPlay":false,"sceneViewState":{"showFog":false,"showMaterialUpdate":false,"showSkybox":false,"showFlares":false,"showImageEffects":false,"showParticleSystems":false},"in2DMode":false,"pivot":{"x":-6.669589042663574,"y":2.4128334522247316,"z":-2.5465919971466066},"rotation":{"x":-0.017389176413416864,"y":0.39144569635391238,"z":-0.007398922927677631,"w":-0.9200071692466736},"size":16.492971420288087,"orthographic":false}