{"cameraMode":{"drawMode":0,"name":"Shaded","section":"Shading Mode"},"sceneLighting":false,"audioPlay":false,"sceneViewState":{"showFog":false,"showMaterialUpdate":false,"showSkybox":false,"showFlares":false,"showImageEffects":false,"showParticleSystems":false},"in2DMode":false,"pivot":{"x":0.0,"y":2.384185791015625e-7,"z":1.3950022459030152},"rotation":{"x":0.010314171202480793,"y":-0.6859481334686279,"z":-0.009724797680974007,"w":-0.7275124192237854},"size":6.4975714683532719,"orthographic":false}