{"cameraMode":{"drawMode":0,"name":"Shaded","section":"Shading Mode"},"sceneLighting":false,"audioPlay":false,"sceneViewState":{"showFog":false,"showMaterialUpdate":false,"showSkybox":false,"showFlares":false,"showImageEffects":false,"showParticleSystems":false},"in2DMode":false,"pivot":{"x":-29.043441772460939,"y":11.266032218933106,"z":93.9411392211914},"rotation":{"x":0.003037570044398308,"y":0.6074062585830689,"z":-0.0023223720490932466,"w":0.7943822145462036},"size":70.51045227050781,"orthographic":false}