{"cameraMode":{"drawMode":0,"name":"Shaded","section":"Shading Mode"},"sceneLighting":false,"audioPlay":false,"sceneViewState":{"showFog":false,"showMaterialUpdate":false,"showSkybox":false,"showFlares":false,"showImageEffects":false,"showParticleSystems":false},"in2DMode":false,"pivot":{"x":-0.5141897201538086,"y":3.6628825664520265,"z":-1.4644584655761719},"rotation":{"x":-0.008933206088840962,"y":0.12149064987897873,"z":-0.0010934468591585756,"w":-0.9925518035888672},"size":18.002960205078126,"orthographic":false}